Firstname,Lastname,Email
name1,last1,email1@gmail.com
name2,last2,email1@gmail.com
name3,last3,email1@gmail.com
name4,last4,email1@gmail.com
name5,last5,email1@gmail.com
name6,last6,email1@gmail.com
name7,last7,email1@gmail.com
name8,last8,email1@gmail.com
name9,last9,email1@gmail.com
name10,last10,email1@gmail.com
name11,last11,email1@gmail.com
name12,last12,email1@gmail.com
name13,last13,email1@gmail.com
name14,last14,email1@gmail.com
name15,last15,email1@gmail.com
name16,last16,email1@gmail.com
name17,last17,email1@gmail.com
name18,last18,email1@gmail.com
name19,last19,email1@gmail.com
